file,label
IMG_4064.png,9
IMG_4070.png,9
IMG_4058.png,9
IMG_3723.png,6
IMG_3910.png,3
IMG_3904.png,3
IMG_3938.png,6
IMG_4110.png,6
IMG_4104.png,6
IMG_3643.png,3
IMG_3657.png,2
IMG_4138.png,4
IMG_3864.png,9
IMG_3870.png,7
IMG_3858.png,9
IMG_3680.png,9
IMG_3694.png,5
IMG_3695.png,4
IMG_3681.png,7
IMG_3859.png,9
IMG_3871.png,7
IMG_3865.png,9
IMG_4139.png,4
IMG_3656.png,1
IMG_3642.png,3
IMG_4105.png,6
IMG_4111.png,6
IMG_3939.png,6
IMG_3905.png,3
IMG_3911.png,11
IMG_3722.png,6
IMG_4059.png,9
IMG_4071.png,8
IMG_4065.png,9
IMG_4073.png,8
IMG_4067.png,9
IMG_3708.png,10
IMG_3720.png,7
IMG_3907.png,2
IMG_3913.png,11
IMG_4098.png,7
IMG_3668.png,4
IMG_4107.png,6
IMG_3654.png,1
IMG_3640.png,3
IMG_3898.png,3
IMG_3873.png,7
IMG_3697.png,2
IMG_3683.png,7
IMG_3696.png,2
IMG_3872.png,7
IMG_3899.png,3
IMG_3641.png,3
IMG_3655.png,1
IMG_4112.png,6
IMG_4106.png,6
IMG_4099.png,7
IMG_3912.png,11
IMG_3906.png,3
IMG_3721.png,7
IMG_3709.png,6
IMG_4066.png,9
IMG_4072.png,8
IMG_3725.png,5
IMG_3731.png,5
IMG_3719.png,7
IMG_4076.png,8
IMG_4062.png,9
IMG_4089.png,7
IMG_3902.png,3
IMG_3916.png,11
IMG_3651.png,1
IMG_3889.png,5
IMG_3645.png,3
IMG_4102.png,6
IMG_4116.png,6
IMG_3679.png,9
IMG_3692.png,5
IMG_3876.png,7
IMG_3862.png,9
IMG_3863.png,9
IMG_3877.png,7
IMG_3687.png,6
IMG_3693.png,5
IMG_3678.png,8
IMG_4117.png,6
IMG_4103.png,6
IMG_3644.png,3
IMG_3650.png,6
IMG_3917.png,11
IMG_3903.png,3
IMG_4088.png,7
IMG_4063.png,9
IMG_4077.png,8
IMG_3718.png,7
IMG_3724.png,5
IMG_3726.png,5
IMG_4049.png,10
IMG_4061.png,9
IMG_4075.png,8
IMG_3929.png,10
IMG_3915.png,11
IMG_3901.png,3
IMG_4129.png,5
IMG_3646.png,3
IMG_3652.png,1
IMG_4115.png,6
IMG_4101.png,6
IMG_3685.png,5
IMG_3849.png,7
IMG_3691.png,5
IMG_3861.png,9
IMG_3875.png,7
IMG_3874.png,7
IMG_3860.png,9
IMG_3690.png,5
IMG_3848.png,11
IMG_3684.png,5
IMG_4100.png,7
IMG_4114.png,6
IMG_3653.png,1
IMG_3647.png,3
IMG_4128.png,5
IMG_3900.png,3
IMG_3928.png,10
IMG_4074.png,8
IMG_4060.png,9
IMG_4048.png,10
IMG_3727.png,5
IMG_4007.png,13
IMG_3967.png,2
IMG_3797.png,9
IMG_4205.png,1
IMG_4211.png,0
IMG_4173.png,3
IMG_3608.png,9
IMG_4167.png,3
IMG_3620.png,9
IMG_3634.png,3
IMG_3807.png,5
IMG_3813.png,3
IMG_4198.png,2
IMG_4199.png,2
IMG_3812.png,3
IMG_3806.png,9
IMG_3635.png,3
IMG_3621.png,9
IMG_4166.png,3
IMG_3609.png,9
IMG_4172.png,3
IMG_4210.png,0
IMG_4204.png,1
IMG_3796.png,9
IMG_3966.png,2
IMG_3972.png,10
IMG_3999.png,13
IMG_4010.png,12
IMG_4004.png,13
IMG_4038.png,10
IMG_3964.png,3
IMG_3970.png,10
IMG_3958.png,3
IMG_4212.png,0
IMG_4206.png,1
IMG_4164.png,3
IMG_4170.png,3
IMG_3637.png,3
IMG_4158.png,3
IMG_3623.png,6
IMG_3810.png,5
IMG_3838.png,6
IMG_3839.png,6
IMG_3805.png,8
IMG_3811.png,3
IMG_3622.png,6
IMG_4159.png,3
IMG_3636.png,3
IMG_4171.png,3
IMG_4165.png,3
IMG_4207.png,1
IMG_4213.png,0
IMG_3795.png,9
IMG_3959.png,5
IMG_3971.png,10
IMG_3965.png,2
IMG_4039.png,10
IMG_4005.png,13
IMG_4011.png,12
IMG_4029.png,11
IMG_4015.png,12
IMG_4001.png,13
IMG_3791.png,9
IMG_3949.png,4
IMG_3961.png,4
IMG_3975.png,14
IMG_4217.png,0
IMG_4203.png,1
IMG_3632.png,6
IMG_4149.png,4
IMG_3626.png,6
IMG_4161.png,3
IMG_4175.png,3
IMG_3829.png,4
IMG_3815.png,5
IMG_3801.png,9
IMG_3800.png,9
IMG_3814.png,3
IMG_3828.png,4
IMG_4174.png,3
IMG_4160.png,3
IMG_3627.png,6
IMG_4148.png,4
IMG_3633.png,3
IMG_4202.png,2
IMG_4216.png,0
IMG_3960.png,5
IMG_3948.png,4
IMG_3790.png,9
IMG_4014.png,12
IMG_4028.png,11
IMG_3989.png,14
IMG_4002.png,13
IMG_4016.png,12
IMG_3792.png,9
IMG_3976.png,13
IMG_3962.png,4
IMG_4200.png,2
IMG_4214.png,0
IMG_3625.png,6
IMG_3631.png,6
IMG_4176.png,3
IMG_3619.png,9
IMG_4162.png,3
IMG_4189.png,2
IMG_3802.png,9
IMG_3816.png,5
IMG_3817.png,5
IMG_3803.png,9
IMG_4188.png,2
IMG_4163.png,3
IMG_3618.png,9
IMG_4177.png,3
IMG_3630.png,6
IMG_3624.png,6
IMG_4215.png,0
IMG_4201.png,2
IMG_3963.png,3
IMG_3977.png,13
IMG_3793.png,9
IMG_4017.png,12
IMG_4003.png,13
IMG_3988.png,13
IMG_3991.png,14
IMG_4026.png,11
IMG_3985.png,12
IMG_4032.png,11
IMG_3952.png,3
IMG_3946.png,5
IMG_4224.png,3
IMG_4218.png,0
IMG_4152.png,4
IMG_3629.png,6
IMG_4146.png,4
IMG_3615.png,9
IMG_3826.png,2
IMG_4191.png,2
IMG_3832.png,4
IMG_4185.png,2
IMG_4184.png,2
IMG_3833.png,4
IMG_4190.png,2
IMG_3827.png,3
IMG_3614.png,9
IMG_4147.png,4
IMG_3628.png,6
IMG_4153.png,4
IMG_4219.png,0
IMG_4225.png,3
IMG_3947.png,4
IMG_3953.png,3
IMG_4033.png,11
IMG_3984.png,14
IMG_4027.png,11
IMG_3990.png,14
IMG_3986.png,13
IMG_4031.png,11
IMG_3992.png,14
IMG_4025.png,11
IMG_4019.png,12
IMG_3945.png,5
IMG_3789.png,9
IMG_3951.png,4
IMG_3979.png,14
IMG_4145.png,4
IMG_4151.png,4
IMG_3616.png,9
IMG_4179.png,3
IMG_3831.png,4
IMG_4186.png,2
IMG_3825.png,1
IMG_4192.png,2
IMG_3819.png,5
IMG_3818.png,5
IMG_4193.png,2
IMG_3824.png,1
IMG_4187.png,2
IMG_3830.png,4
IMG_4178.png,3
IMG_3617.png,8
IMG_4150.png,4
IMG_4144.png,4
IMG_4226.png,3
IMG_3978.png,13
IMG_3950.png,4
IMG_3788.png,9
IMG_3944.png,5
IMG_4018.png,12
IMG_4024.png,11
IMG_3993.png,13
IMG_4030.png,11
IMG_3987.png,13
IMG_4008.png,12
IMG_4034.png,11
IMG_3997.png,13
IMG_4020.png,11
IMG_3968.png,2
IMG_3798.png,9
IMG_3940.png,6
IMG_3954.png,3
IMG_4222.png,3
IMG_3613.png,9
IMG_4168.png,3
IMG_4140.png,4
IMG_4154.png,4
IMG_3808.png,5
IMG_3834.png,5
IMG_4183.png,2
IMG_3820.png,0
IMG_4197.png,2
IMG_4196.png,2
IMG_3821.png,0
IMG_4182.png,2
IMG_3809.png,5
IMG_4155.png,3
IMG_4141.png,4
IMG_4169.png,3
IMG_3612.png,9
IMG_4223.png,3
IMG_3955.png,3
IMG_3941.png,6
IMG_3799.png,9
IMG_3969.png,10
IMG_4021.png,10
IMG_3996.png,13
IMG_4035.png,11
IMG_3982.png,14
IMG_4009.png,12
IMG_3994.png,13
IMG_4023.png,11
IMG_3980.png,14
IMG_4037.png,11
IMG_3957.png,4
IMG_3943.png,5
IMG_4209.png,0
IMG_4221.png,3
IMG_3610.png,9
IMG_4157.png,3
IMG_3638.png,3
IMG_4143.png,4
IMG_3823.png,0
IMG_4194.png,2
IMG_3837.png,6
IMG_4180.png,2
IMG_4181.png,2
IMG_3836.png,6
IMG_4195.png,2
IMG_3822.png,0
IMG_4142.png,4
IMG_3639.png,3
IMG_4156.png,3
IMG_3611.png,9
IMG_4220.png,0
IMG_4208.png,1
IMG_3942.png,10
IMG_3956.png,4
IMG_4036.png,11
IMG_3981.png,14
IMG_4022.png,11
IMG_3995.png,13
IMG_4045.png,10
IMG_4051.png,10
IMG_4079.png,8
IMG_3716.png,9
IMG_3702.png,5
IMG_4086.png,7
IMG_3931.png,10
IMG_4092.png,7
IMG_3925.png,10
IMG_3919.png,11
IMG_4131.png,5
IMG_3886.png,5
IMG_4125.png,5
IMG_3892.png,4
IMG_3676.png,6
IMG_4119.png,6
IMG_3845.png,11
IMG_3851.png,10
IMG_3689.png,5
IMG_3879.png,6
IMG_3878.png,8
IMG_3688.png,6
IMG_3850.png,10
IMG_3844.png,11
IMG_4118.png,6
IMG_3677.png,8
IMG_3663.png,2
IMG_3893.png,4
IMG_4124.png,5
IMG_3887.png,5
IMG_4130.png,5
IMG_3918.png,11
IMG_3924.png,11
IMG_4093.png,7
IMG_3930.png,10
IMG_4087.png,7
IMG_3703.png,9
IMG_3717.png,9
IMG_4078.png,8
IMG_4050.png,10
IMG_4044.png,10
IMG_4052.png,10
IMG_4046.png,10
IMG_3701.png,5
IMG_3715.png,10
IMG_4091.png,7
IMG_3926.png,10
IMG_4085.png,7
IMG_3932.png,10
IMG_3649.png,6
IMG_4126.png,5
IMG_3891.png,4
IMG_4132.png,5
IMG_3885.png,5
IMG_3675.png,6
IMG_3661.png,2
IMG_3852.png,10
IMG_3846.png,10
IMG_3847.png,11
IMG_3853.png,10
IMG_3660.png,2
IMG_3674.png,6
IMG_3884.png,5
IMG_4133.png,5
IMG_4127.png,5
IMG_3648.png,3
IMG_3933.png,10
IMG_4084.png,8
IMG_3927.png,10
IMG_4090.png,7
IMG_3714.png,10
IMG_3700.png,2
IMG_3728.png,5
IMG_4047.png,10
IMG_4053.png,10
IMG_3704.png,9
IMG_3710.png,6
IMG_4057.png,9
IMG_4043.png,10
IMG_4094.png,7
IMG_3923.png,11
IMG_4080.png,8
IMG_3670.png,6
IMG_3664.png,4
IMG_4123.png,5
IMG_3894.png,4
IMG_4137.png,4
IMG_3658.png,2
IMG_3880.png,6
IMG_3857.png,9
IMG_3843.png,11
IMG_3842.png,11
IMG_3856.png,9
IMG_3881.png,6
IMG_3659.png,2
IMG_4136.png,5
IMG_3895.png,4
IMG_4122.png,5
IMG_3665.png,4
IMG_3671.png,6
IMG_3936.png,6
IMG_4081.png,8
IMG_3922.png,11
IMG_4042.png,10
IMG_4056.png,9
IMG_3711.png,4
IMG_3705.png,9
IMG_3713.png,4
IMG_3707.png,10
IMG_4068.png,9
IMG_4040.png,10
IMG_4054.png,9
IMG_3908.png,2
IMG_4083.png,8
IMG_3934.png,10
IMG_4097.png,7
IMG_3920.png,11
IMG_4108.png,6
IMG_3667.png,4
IMG_3673.png,6
IMG_4134.png,5
IMG_3883.png,5
IMG_4120.png,5
IMG_3897.png,3
IMG_3868.png,9
IMG_3840.png,9
IMG_3698.png,8
IMG_3854.png,10
IMG_3855.png,10
IMG_3699.png,8
IMG_3841.png,11
IMG_3869.png,9
IMG_3896.png,4
IMG_4121.png,5
IMG_3882.png,5
IMG_4135.png,5
IMG_3672.png,6
IMG_3666.png,4
IMG_4109.png,6
IMG_3921.png,11
IMG_4096.png,7
IMG_3935.png,6
IMG_4082.png,8
IMG_3909.png,2
IMG_4055.png,10
IMG_4041.png,10
IMG_4069.png,9
IMG_3706.png,9
IMG_3712.png,3
IMG_4474.png,7
IMG_4460.png,7
IMG_4448.png,7
IMG_4449.png,7
IMG_4461.png,7
IMG_4475.png,7
IMG_4463.png,7
IMG_4477.png,7
IMG_4488.png,7
IMG_4489.png,7
IMG_4476.png,7
IMG_4462.png,7
IMG_4466.png,7
IMG_4472.png,7
IMG_4473.png,7
IMG_4467.png,7
IMG_4459.png,7
IMG_4471.png,7
IMG_4464.png,7
IMG_4470.png,7
IMG_4458.png,7
IMG_4417.png,8
IMG_4403.png,8
IMG_4402.png,8
IMG_4416.png,8
IMG_4400.png,8
IMG_4414.png,8
IMG_4428.png,8
IMG_4399.png,8
IMG_4398.png,8
IMG_4429.png,8
IMG_4415.png,8
IMG_4401.png,8
IMG_4439.png,7
IMG_4405.png,8
IMG_4411.png,8
IMG_4410.png,8
IMG_4404.png,8
IMG_4438.png,7
IMG_4412.png,8
IMG_4406.png,8
IMG_4407.png,8
IMG_4413.png,8
IMG_4436.png,7
IMG_4422.png,8
IMG_4423.png,8
IMG_4437.png,7
IMG_4421.png,8
IMG_4435.png,7
IMG_4409.png,8
IMG_4408.png,8
IMG_4434.png,7
IMG_4420.png,8
IMG_4418.png,8
IMG_4424.png,8
IMG_4430.png,7
IMG_4395.png,8
IMG_4431.png,7
IMG_4425.png,8
IMG_4419.png,8
IMG_4433.png,7
IMG_4427.png,8
IMG_4396.png,8
IMG_4397.png,8
IMG_4426.png,8
IMG_4432.png,7
IMG_4455.png,7
IMG_4441.png,7
IMG_4469.png,7
IMG_4482.png,7
IMG_4483.png,7
IMG_4468.png,7
IMG_4440.png,7
IMG_4454.png,7
IMG_4442.png,7
IMG_4456.png,7
IMG_4481.png,7
IMG_4480.png,7
IMG_4457.png,7
IMG_4443.png,7
IMG_4447.png,7
IMG_4453.png,7
IMG_4484.png,7
IMG_4490.png,7
IMG_4491.png,7
IMG_4485.png,7
IMG_4452.png,7
IMG_4478.png,7
IMG_4450.png,7
IMG_4444.png,7
IMG_4493.png,7
IMG_4487.png,7
IMG_4486.png,7
IMG_4492.png,7
IMG_4445.png,7
IMG_4451.png,7
IMG_4479.png,7
IMG_4501.png,6
IMG_4502.png,6
IMG_4503.png,6
IMG_4504.png,6
IMG_4505.png,6
IMG_4506.png,6
IMG_4507.png,6
IMG_4508.png,6
IMG_4509.png,6
IMG_4510.png,6
IMG_4511.png,6
IMG_4512.png,6
IMG_4513.png,6
IMG_4514.png,6
IMG_4515.png,6
IMG_4516.png,6
IMG_4517.png,6
IMG_4518.png,6
IMG_4519.png,6
IMG_4520.png,6
IMG_4521.png,6
IMG_4522.png,6
IMG_4523.png,6
IMG_4524.png,6
IMG_4525.png,6
IMG_4526.png,6
IMG_4527.png,6
IMG_4528.png,6
IMG_4529.png,6
IMG_4530.png,6
IMG_4531.png,6
IMG_4532.png,6
IMG_4533.png,6
IMG_4534.png,6
IMG_4535.png,6
IMG_4536.png,6
IMG_4537.png,6
IMG_4538.png,6
IMG_4539.png,6
IMG_4540.png,6
IMG_4541.png,6
IMG_4542.png,6
IMG_4543.png,6
IMG_4544.png,6
IMG_4545.png,6
IMG_4546.png,6
IMG_4547.png,6
IMG_4548.png,6
IMG_4549.png,6
IMG_4550.png,6
IMG_4551.png,6
IMG_4552.png,6
IMG_4554.png,6
IMG_4555.png,6
IMG_4556.png,6
IMG_4557.png,6
IMG_4558.png,6
IMG_4559.png,6
IMG_4560.png,6
IMG_4562.png,6
IMG_4563.png,6
IMG_4564.png,6
IMG_4565.png,6
IMG_4566.png,6
IMG_4567.png,6
IMG_4568.png,6
IMG_4569.png,6
IMG_4570.png,6
IMG_4571.png,7
IMG_4572.png,6
IMG_4573.png,6
IMG_4574.png,6
IMG_4575.png,6
IMG_4576.png,6
IMG_4577.png,6
IMG_4578.png,6
IMG_4579.png,6
IMG_4580.png,6
IMG_4581.png,6
IMG_4582.png,6
IMG_4583.png,6
IMG_4584.png,6
IMG_4585.png,6
IMG_4586.png,6
IMG_4587.png,6
IMG_4588.png,6
IMG_4589.png,6
IMG_4590.png,6
IMG_4591.png,6
IMG_4592.png,6
IMG_4593.png,6
IMG_4594.png,6
IMG_4595.png,6
IMG_4596.png,6
IMG_4597.png,6
IMG_4598.png,6
IMG_4599.png,6
IMG_4600.png,6
IMG_4601.png,6
IMG_4602.png,6
IMG_4603.png,6
IMG_4604.png,6
IMG_4605.png,6
IMG_4606.png,6
IMG_4607.png,6
IMG_4608.png,6
IMG_4609.png,6
IMG_4610.png,6
IMG_4611.png,6
IMG_4612.png,6
IMG_4613.png,6
IMG_4614.png,6
IMG_4615.png,6
IMG_4616.png,6
IMG_4617.png,6
IMG_4618.png,6
IMG_4619.png,6
IMG_4620.png,6
IMG_4621.png,6
IMG_4622.png,6
IMG_4623.png,6
IMG_4624.png,6
IMG_4625.png,6
IMG_4626.png,6
IMG_4627.png,6
IMG_4628.png,5
IMG_4629.png,5
IMG_4630.png,5
IMG_4631.png,5
IMG_4632.png,5
IMG_4633.png,5
IMG_4634.png,5
IMG_4635.png,5
IMG_4636.png,5
IMG_4637.png,5
IMG_4638.png,5
IMG_4639.png,5
IMG_4640.png,5
IMG_4641.png,5
IMG_4642.png,5
IMG_4643.png,5
IMG_4644.png,5
IMG_4645.png,5
IMG_4646.png,5
IMG_4647.png,5
IMG_4648.png,5
IMG_4649.png,5
IMG_4650.png,5
IMG_4651.png,5
IMG_4652.png,5
IMG_4653.png,5
IMG_4654.png,5
IMG_4655.png,5
IMG_4657.png,5
IMG_4658.png,5
IMG_4659.png,5
IMG_4660.png,5
IMG_4661.png,5
IMG_4662.png,5
IMG_4663.png,5
IMG_4664.png,5
IMG_4665.png,5
IMG_4666.png,5
IMG_4667.png,5
IMG_4668.png,5
IMG_4669.png,5
IMG_4670.png,5
IMG_4671.png,5
IMG_4672.png,5
IMG_4673.png,5
IMG_4674.png,5
IMG_4675.png,5
IMG_4676.png,5
IMG_4677.png,5
IMG_4678.png,5
IMG_4680.png,5
IMG_4681.png,5
IMG_4682.png,5
IMG_4683.png,5
IMG_4684.png,5
IMG_4685.png,5
IMG_4686.png,5
IMG_4687.png,5
IMG_4688.png,5
IMG_4689.png,5
IMG_4690.png,5
IMG_4691.png,5
IMG_4692.png,5
IMG_4693.png,5
IMG_4694.png,5
IMG_4695.png,5
IMG_4696.png,5
IMG_4697.png,5
IMG_4698.png,5
IMG_4699.png,5
IMG_4700.png,5
IMG_4701.png,5
IMG_4703.png,5
IMG_4704.png,5
IMG_4705.png,5
IMG_4706.png,5
IMG_4707.png,5
IMG_4708.png,5
IMG_4709.png,5
IMG_4710.png,5
IMG_4711.png,5
IMG_4712.png,5
IMG_4713.png,5
IMG_4714.png,5
IMG_4715.png,5
IMG_4716.png,5
IMG_4717.png,5
IMG_4718.png,5
IMG_4719.png,5
IMG_4720.png,5
IMG_4721.png,5
IMG_4722.png,5
IMG_4723.png,5
IMG_4724.png,5
IMG_4725.png,5
IMG_4726.png,5
IMG_4727.png,5
IMG_4728.png,5
IMG_4729.png,5
IMG_4730.png,5
IMG_4731.png,5
IMG_4732.png,5
IMG_4733.png,5
IMG_4734.png,5
IMG_4735.png,5
IMG_4736.png,5
IMG_4737.png,5
IMG_4738.png,5
IMG_4742.png,5
IMG_4745.png,5
IMG_4746.png,5
IMG_4747.png,5
IMG_4748.png,5
IMG_4749.png,5
IMG_4750.png,5
IMG_4751.png,5
IMG_4752.png,5
IMG_4753.png,5
IMG_4755.png,5
IMG_4756.png,5
IMG_4757.png,5
IMG_4758.png,5
IMG_4759.png,5
IMG_4760.png,5
IMG_4761.png,5
IMG_4762.png,5
IMG_4763.png,5
IMG_4764.png,5
IMG_4765.png,5
IMG_4766.png,5
IMG_4767.png,5
IMG_4768.png,5
IMG_4769.png,5
IMG_4770.png,5
IMG_4771.png,5
IMG_4772.png,5
IMG_4773.png,5
IMG_4774.png,5
IMG_4775.png,5
IMG_4776.png,5
IMG_4777.png,5
IMG_4778.png,5
IMG_4779.png,5
IMG_4780.png,4
IMG_4781.png,4
IMG_4782.png,4
IMG_4783.png,4
IMG_4784.png,4
IMG_4785.png,4
IMG_4786.png,4
IMG_4787.png,4
IMG_4788.png,4
IMG_4789.png,4
IMG_4790.png,4
IMG_4791.png,4
IMG_4792.png,4
IMG_4793.png,4
IMG_4794.png,4
IMG_4795.png,4
IMG_4796.png,4
IMG_4797.png,4
IMG_4798.png,4
IMG_4799.png,4
IMG_4800.png,4
IMG_4801.png,4
IMG_4803.png,4
IMG_4804.png,4
IMG_4805.png,4
IMG_4806.png,4
IMG_4807.png,4
IMG_4808.png,4
IMG_4809.png,4
IMG_4810.png,4
IMG_4811.png,4
IMG_4814.png,4
IMG_4815.png,4
IMG_4816.png,4
IMG_4817.png,4
IMG_4819.png,4
IMG_4820.png,4
IMG_4821.png,4
IMG_4822.png,4
IMG_4823.png,4
IMG_4824.png,4
IMG_4825.png,4
IMG_4826.png,4
IMG_4827.png,4
IMG_4828.png,4
IMG_4829.png,4
IMG_4831.png,4
IMG_4832.png,4
IMG_4833.png,4
IMG_4834.png,4
IMG_4835.png,4
IMG_4836.png,4
IMG_4838.png,4
IMG_4839.png,4
IMG_4840.png,4
IMG_4841.png,4
IMG_4842.png,4
IMG_4843.png,4
IMG_4844.png,4
IMG_4845.png,4
IMG_4846.png,4
IMG_4847.png,4
IMG_4848.png,4
IMG_4849.png,4
IMG_4850.png,4
IMG_4851.png,4
IMG_4852.png,4
IMG_4853.png,4
IMG_4854.png,4
IMG_4855.png,4
IMG_4856.png,4
IMG_4857.png,4
IMG_4858.png,4
IMG_4859.png,4
IMG_4860.png,4
IMG_4861.png,4
IMG_4862.png,4
IMG_4863.png,4
IMG_4864.png,4
IMG_4865.png,4
IMG_4866.png,4
IMG_4867.png,4
IMG_4868.png,4
IMG_4869.png,4
IMG_4870.png,4
IMG_4871.png,4
IMG_4872.png,4
IMG_4873.png,4
IMG_4874.png,4
IMG_4875.png,4
IMG_4876.png,4
IMG_4877.png,4
IMG_4878.png,4
IMG_4879.png,4
IMG_4880.png,4
IMG_4881.png,4
IMG_4882.png,4
IMG_4883.png,4
IMG_4884.png,4
IMG_4885.png,4
IMG_4886.png,4
IMG_4887.png,4
IMG_4888.png,4
IMG_4889.png,4
IMG_4890.png,4
IMG_4891.png,4
IMG_4892.png,4
IMG_4893.png,4
IMG_4894.png,4
IMG_4895.png,4
IMG_4896.png,4
IMG_4897.png,4
IMG_4898.png,4
IMG_4899.png,4
IMG_4900.png,4
IMG_4901.png,4
IMG_4902.png,4
IMG_4903.png,4
IMG_4904.png,4
IMG_4905.png,4
IMG_4906.png,4
IMG_4907.png,4
IMG_4908.png,4
IMG_4909.png,4
IMG_4910.png,4
IMG_4911.png,4
IMG_4912.png,4
IMG_4913.png,4
IMG_4914.png,4
IMG_4915.png,4
IMG_4917.png,4
IMG_4918.png,4
IMG_4919.png,4
IMG_4920.png,3
IMG_4921.png,3
IMG_4922.png,3
IMG_4923.png,3
IMG_4924.png,3
IMG_4925.png,3
IMG_4926.png,3
IMG_4927.png,3
IMG_4928.png,3
IMG_4929.png,3
IMG_4930.png,3
IMG_4931.png,3
IMG_4932.png,3
IMG_4933.png,3
IMG_4934.png,3
IMG_4935.png,3
IMG_4936.png,3
IMG_4938.png,3
IMG_4939.png,3
IMG_4941.png,3
IMG_4942.png,3
IMG_4943.png,3
IMG_4944.png,3
IMG_4945.png,3
IMG_4946.png,3
IMG_4947.png,2
IMG_4948.png,2
IMG_4949.png,2
IMG_4950.png,2
IMG_4951.png,2
IMG_4952.png,2
IMG_4953.png,2
IMG_4954.png,2
IMG_4955.png,2
IMG_4956.png,2
IMG_4957.png,2
IMG_4958.png,2
IMG_4959.png,2
IMG_4960.png,2
IMG_4961.png,2
IMG_4962.png,2
IMG_4963.png,2
IMG_4964.png,2
IMG_4965.png,2
IMG_4966.png,2
IMG_4967.png,2
IMG_4968.png,2
IMG_4969.png,2
IMG_4970.png,2
IMG_4971.png,2
IMG_4972.png,2
IMG_4973.png,2
IMG_4974.png,2
IMG_4975.png,2
IMG_4976.png,2
IMG_4977.png,2
IMG_4978.png,2
IMG_4979.png,2
IMG_4980.png,2
IMG_4981.png,2
IMG_4982.png,2
IMG_4983.png,2
IMG_4984.png,2
IMG_4985.png,2
IMG_4986.png,2
IMG_4987.png,2
IMG_4988.png,2
IMG_4989.png,2
IMG_4990.png,2
IMG_4991.png,2
IMG_4992.png,2
IMG_4994.png,2
IMG_4995.png,2
IMG_4996.png,2
IMG_4997.png,2
IMG_4998.png,2
IMG_4999.png,2
IMG_5001.png,2
IMG_5002.png,2
IMG_5003.png,2
IMG_5004.png,2
IMG_5005.png,2
IMG_5006.png,2
IMG_5007.png,2
IMG_5008.png,2
IMG_5009.png,2
IMG_5010.png,2
IMG_5011.png,2
IMG_5012.png,2
IMG_5013.png,2
IMG_5014.png,2
IMG_5015.png,2
IMG_5016.png,2
IMG_5017.png,2
IMG_5018.png,2
IMG_5019.png,2
IMG_5020.png,2
IMG_5021.png,2
IMG_5022.png,2
IMG_5023.png,1
IMG_5024.png,1
IMG_5025.png,1
IMG_5026.png,1
IMG_5028.png,1
IMG_5029.png,1
IMG_5030.png,1
IMG_5031.png,1
IMG_5032.png,1
IMG_5033.png,1
IMG_5034.png,1
IMG_5035.png,1
IMG_5036.png,1
IMG_5037.png,1
IMG_5038.png,1
IMG_5039.png,1
IMG_5040.png,1
IMG_5041.png,1
IMG_5042.png,1
IMG_5043.png,1
IMG_5044.png,1
IMG_5045.png,1
IMG_5046.png,1
IMG_5047.png,1
IMG_5048.png,1
IMG_5049.png,1
IMG_5050.png,1
IMG_5051.png,1
IMG_5052.png,1
IMG_5053.png,1
IMG_5055.png,1
IMG_5056.png,1
IMG_5057.png,1
IMG_5058.png,1
IMG_5059.png,1
IMG_5060.png,1
IMG_5061.png,1
IMG_5062.png,1
IMG_5063.png,1
IMG_5064.png,1
IMG_5065.png,1
IMG_5066.png,1
IMG_5067.png,1
IMG_5068.png,1
IMG_5069.png,1
IMG_5070.png,1
IMG_5071.png,1
IMG_5072.png,1
IMG_5073.png,1
IMG_5074.png,1
IMG_5075.png,1
IMG_5076.png,1
IMG_5077.png,1
IMG_5078.png,1
IMG_5079.png,1
IMG_5080.png,1
IMG_5081.png,1
IMG_5082.png,1
IMG_5083.png,1
IMG_5084.png,1
IMG_5085.png,1
IMG_5086.png,1
IMG_5087.png,1
IMG_5088.png,1
IMG_5089.png,1
IMG_5090.png,1
IMG_5091.png,1
IMG_5092.png,1
IMG_5093.png,1
IMG_5094.png,1
IMG_5095.png,1
IMG_5096.png,1
IMG_5097.png,1
IMG_5098.png,1
IMG_5099.png,1
IMG_5100.png,1
IMG_5101.png,1
IMG_5102.png,1
IMG_5103.png,1
IMG_5104.png,1
IMG_5105.png,1
IMG_5106.png,1
IMG_5107.png,1
IMG_5108.png,1
IMG_5109.png,1
IMG_5110.png,1
IMG_5111.png,1
IMG_5112.png,1
IMG_5113.png,1
IMG_5114.png,1
IMG_5115.png,1
IMG_5116.png,1
IMG_5117.png,1
IMG_5118.png,1
IMG_5119.png,1
IMG_5120.png,1
IMG_5121.png,0
IMG_5122.png,0
IMG_5123.png,0
IMG_5124.png,0
IMG_5125.png,0
IMG_5126.png,0
IMG_5127.png,0
IMG_5128.png,0
IMG_5129.png,0
IMG_5130.png,0
IMG_5131.png,0
IMG_5132.png,0
IMG_5133.png,0
IMG_5134.png,0
IMG_5135.png,0
IMG_5136.png,0
IMG_5137.png,0
IMG_5138.png,0
IMG_5139.png,0
IMG_5140.png,0
IMG_5141.png,0
IMG_5142.png,0
IMG_5143.png,0
IMG_5144.png,0
IMG_5145.png,0
IMG_5146.png,0
IMG_5147.png,0
IMG_5148.png,0
IMG_5149.png,0
IMG_5150.png,0
IMG_5151.png,0
IMG_5152.png,0
IMG_5153.png,0
IMG_5154.png,0
IMG_5155.png,0
IMG_5156.png,0
IMG_5157.png,0
IMG_5158.png,0
IMG_5159.png,0
IMG_5160.png,0
IMG_5161.png,0
IMG_5162.png,0
IMG_5163.png,0
IMG_5164.png,0
IMG_5165.png,0
IMG_5166.png,0
IMG_5167.png,0
IMG_5168.png,0
IMG_5169.png,0
IMG_5170.png,0
IMG_5171.png,0
IMG_5172.png,0
IMG_5173.png,0
IMG_5174.png,0
IMG_5175.png,0
IMG_5176.png,0
IMG_5177.png,0
IMG_5178.png,0
IMG_5179.png,0
IMG_5180.png,0
IMG_5181.png,0
IMG_5182.png,9
IMG_5183.png,9
IMG_5184.png,9
IMG_5185.png,9
IMG_5186.png,9
IMG_5187.png,9
IMG_5188.png,9
IMG_5189.png,9
IMG_5190.png,9
IMG_5193.png,9
IMG_5194.png,9
IMG_5195.png,9
IMG_5196.png,9
IMG_5197.png,9
IMG_5198.png,9
IMG_5199.png,9
IMG_5200.png,9
IMG_5201.png,9
IMG_5203.png,9
IMG_5204.png,9
IMG_5205.png,9
IMG_5206.png,9
IMG_5207.png,9
IMG_5208.png,9
IMG_5209.png,9
IMG_5210.png,9
IMG_5211.png,9
IMG_5212.png,9
IMG_5213.png,9
IMG_5214.png,9
IMG_5215.png,9
IMG_5216.png,9
IMG_5217.png,9
IMG_5218.png,9
IMG_5219.png,9
IMG_5220.png,9
IMG_5221.png,9
IMG_5225.png,9
IMG_5226.png,9
IMG_5227.png,9
IMG_5228.png,9
IMG_5229.png,9
IMG_5230.png,9
IMG_5231.png,9
IMG_5232.png,9
IMG_5233.png,9
IMG_5234.png,9
IMG_5235.png,9
IMG_5236.png,9
IMG_5237.png,9
IMG_5238.png,9
IMG_5239.png,9
IMG_5241.png,9
IMG_5243.png,9
IMG_5244.png,9
IMG_5245.png,9
IMG_5246.png,9
IMG_5247.png,9
IMG_5248.png,9
IMG_5249.png,9
IMG_5251.png,9
IMG_5252.png,9
IMG_5253.png,9
IMG_5254.png,9
IMG_5255.png,9
IMG_5256.png,9
IMG_5257.png,9
IMG_5258.png,9
IMG_5259.png,9
IMG_5260.png,9
IMG_5261.png,9
IMG_5262.png,9
IMG_5263.png,9
IMG_5264.png,9
IMG_5265.png,9
IMG_5266.png,9
IMG_5268.png,9
IMG_5269.png,9
IMG_5270.png,9
IMG_5271.png,9
IMG_5272.png,9
IMG_5273.png,9
IMG_5274.png,9
IMG_5275.png,9
IMG_5276.png,9
IMG_5277.png,9
IMG_5278.png,9
IMG_5280.png,9
IMG_5281.png,9
IMG_5282.png,9
IMG_5283.png,9
IMG_5284.png,9
IMG_5285.png,9
IMG_5286.png,9
IMG_5287.png,9
IMG_5288.png,9
IMG_5289.png,9
IMG_5290.png,9
IMG_5292.png,9
IMG_5293.png,9
IMG_5294.png,9
IMG_5295.png,9
IMG_5296.png,9
IMG_5297.png,9
IMG_5298.png,9
IMG_5299.png,9
IMG_5300.png,9
IMG_5301.png,9
IMG_5302.png,9
IMG_5303.png,9
IMG_5304.png,9
IMG_5305.png,9
IMG_5306.png,9
IMG_5307.png,9
IMG_5308.png,9
IMG_5309.png,9
IMG_5310.png,9
IMG_5311.png,9
IMG_5312.png,9
IMG_5313.png,10
IMG_5314.png,10
IMG_5315.png,10
IMG_5316.png,10
IMG_5317.png,10
IMG_5318.png,10
IMG_5319.png,10
IMG_5320.png,10
IMG_5322.png,10
IMG_5323.png,10
IMG_5324.png,10
IMG_5325.png,10
IMG_5326.png,10
IMG_5327.png,10
IMG_5328.png,10
IMG_5329.png,10
IMG_5330.png,10
IMG_5331.png,10
IMG_5332.png,10
IMG_5333.png,10
IMG_5334.png,10
IMG_5335.png,10
IMG_5336.png,10
IMG_5337.png,10
IMG_5338.png,10
IMG_5339.png,10
IMG_5340.png,10
IMG_5341.png,10
IMG_5342.png,10
IMG_5343.png,10
IMG_5344.png,10
IMG_5345.png,10
IMG_5346.png,10
IMG_5347.png,10
IMG_5348.png,10
IMG_5349.png,10
IMG_5350.png,10
IMG_5351.png,10
IMG_5352.png,10
IMG_5353.png,10
IMG_5354.png,10
IMG_5355.png,10
IMG_5356.png,10
IMG_5357.png,10
IMG_5358.png,10
IMG_5359.png,10
IMG_5360.png,10
IMG_5361.png,10
IMG_5363.png,10
IMG_5364.png,10
IMG_5365.png,10
IMG_5366.png,10
IMG_5367.png,10
IMG_5368.png,10
IMG_5369.png,10
IMG_5370.png,10
IMG_5371.png,10
IMG_5372.png,10
IMG_5373.png,10
IMG_5374.png,10
IMG_5375.png,10
IMG_5376.png,10
IMG_5377.png,10
IMG_5378.png,10
IMG_5379.png,10
IMG_5380.png,10
IMG_5381.png,10
IMG_5382.png,10
IMG_5383.png,10
IMG_5384.png,10
IMG_5385.png,10
IMG_5386.png,10
IMG_5387.png,10
IMG_5388.png,10
IMG_5389.png,10
IMG_5390.png,10
IMG_5391.png,10
IMG_5392.png,10
IMG_5393.png,10
IMG_5394.png,10
IMG_5395.png,10
IMG_5396.png,10
IMG_5397.png,10
IMG_5398.png,10
IMG_5399.png,10
IMG_5400.png,10
IMG_5401.png,10
IMG_5402.png,10
IMG_5403.png,10
IMG_5404.png,10
IMG_5405.png,10
IMG_5407.png,10
IMG_5408.png,10
IMG_5415.png,10
IMG_5416.png,10
IMG_5417.png,10
IMG_5418.png,10
IMG_5419.png,10
IMG_5420.png,10
IMG_5421.png,10
IMG_5422.png,10
IMG_5423.png,10
IMG_5424.png,10
IMG_5425.png,10
IMG_5426.png,10
IMG_5427.png,10
IMG_5428.png,10
IMG_5429.png,10
IMG_5430.png,10
IMG_5431.png,10
IMG_5432.png,10
IMG_5433.png,10
IMG_5434.png,10
IMG_5435.png,10
IMG_5436.png,11
IMG_5437.png,11
IMG_5438.png,11
IMG_5439.png,11
IMG_5440.png,11
IMG_5441.png,11
IMG_5442.png,11
IMG_5443.png,11
IMG_5445.png,11
IMG_5446.png,11
IMG_5447.png,11
IMG_5448.png,11
IMG_5449.png,11
IMG_5450.png,11
IMG_5451.png,11
IMG_5452.png,11
IMG_5453.png,11
IMG_5454.png,11
IMG_5455.png,11
IMG_5456.png,11
IMG_5457.png,11
IMG_5458.png,11
IMG_5459.png,11
IMG_5460.png,11
IMG_5461.png,11
IMG_5462.png,11
IMG_5463.png,11
IMG_5464.png,11
IMG_5465.png,11
IMG_5466.png,11
IMG_5467.png,11
IMG_5471.png,11
IMG_5472.png,11
IMG_5474.png,11
IMG_5475.png,11
IMG_5476.png,11
IMG_5477.png,11
IMG_5478.png,11
IMG_5479.png,11
IMG_5480.png,11
IMG_5481.png,11
IMG_5482.png,11
IMG_5483.png,11
IMG_5484.png,11
IMG_5485.png,11
IMG_5486.png,11
IMG_5487.png,11
IMG_5488.png,11
IMG_5489.png,11
IMG_5490.png,11
IMG_5491.png,11
IMG_5492.png,11
IMG_5493.png,11
IMG_5494.png,11
IMG_5495.png,11
IMG_5496.png,11
IMG_5497.png,11
IMG_5498.png,11
IMG_5499.png,11
IMG_5500.png,11
IMG_5501.png,11
IMG_5502.png,11
IMG_5503.png,11
IMG_5504.png,11
IMG_5505.png,11
IMG_5506.png,11
IMG_5507.png,11
IMG_5508.png,11
IMG_5509.png,11
IMG_5510.png,11
IMG_5511.png,11
IMG_5512.png,11
IMG_5513.png,11
IMG_5514.png,11
IMG_5515.png,11
IMG_5516.png,11
IMG_5517.png,11
IMG_5518.png,11
IMG_5519.png,11
IMG_5520.png,11
IMG_5521.png,11
IMG_5522.png,11
IMG_5523.png,11
IMG_5524.png,11
IMG_5525.png,11
IMG_5526.png,11
IMG_5527.png,11
IMG_5528.png,11
IMG_5529.png,11
IMG_5530.png,11
IMG_5531.png,11
IMG_5532.png,11
IMG_5533.png,11
IMG_5534.png,11
IMG_5535.png,11
IMG_5536.png,11
IMG_5537.png,11
IMG_5538.png,11
IMG_5539.png,11
IMG_5540.png,11
IMG_5541.png,11
IMG_5542.png,11
IMG_5543.png,11
IMG_5545.png,11
IMG_5546.png,11
IMG_5547.png,11
IMG_5549.png,11
IMG_5550.png,11
IMG_5552.png,11
IMG_5553.png,11
IMG_5554.png,11
IMG_5555.png,11
IMG_5558.png,11
IMG_5559.png,11
IMG_5560.png,11
IMG_5561.png,11
IMG_5562.png,11
IMG_5563.png,11
IMG_5565.png,11
IMG_5566.png,11
IMG_5567.png,11
IMG_5568.png,11
IMG_5569.png,11
IMG_5570.png,11
IMG_5571.png,12
IMG_5572.png,12
IMG_5573.png,12
IMG_5574.png,12
IMG_5575.png,12
IMG_5576.png,12
IMG_5577.png,12
IMG_5578.png,12
IMG_5579.png,12
IMG_5580.png,12
IMG_5581.png,12
IMG_5582.png,12
IMG_5583.png,12
IMG_5584.png,12
IMG_5585.png,12
IMG_5586.png,12
IMG_5587.png,12
IMG_5588.png,12
IMG_5589.png,12
IMG_5590.png,12
IMG_5591.png,12
IMG_5592.png,12
IMG_5593.png,12
IMG_5594.png,12
IMG_5595.png,12
IMG_5596.png,12
IMG_5597.png,12
IMG_5598.png,12
IMG_5599.png,12
IMG_5600.png,12
IMG_5601.png,12
IMG_5602.png,12
IMG_5603.png,12
IMG_5604.png,12
IMG_5605.png,12
IMG_5606.png,12
IMG_5607.png,12
IMG_5608.png,12
IMG_5609.png,12
IMG_5610.png,12
IMG_5611.png,12
IMG_5613.png,12
IMG_5614.png,12
IMG_5615.png,12
IMG_5616.png,12
IMG_5617.png,12
IMG_5618.png,12
IMG_5619.png,12
IMG_5620.png,12
IMG_5621.png,12
IMG_5622.png,12
IMG_5623.png,12
IMG_5624.png,12
IMG_5625.png,12
IMG_5627.png,12
IMG_5628.png,12
IMG_5629.png,12
IMG_5630.png,12
IMG_5631.png,12
IMG_5632.png,12
IMG_5633.png,12
IMG_5634.png,12
IMG_5635.png,12
IMG_5636.png,12
IMG_5637.png,12
IMG_5638.png,12
IMG_5639.png,12
IMG_5640.png,12
IMG_5641.png,12
IMG_5642.png,12
IMG_5643.png,12
IMG_5644.png,12
IMG_5645.png,12
IMG_5646.png,12
IMG_5647.png,12
IMG_5648.png,12
IMG_5650.png,12
IMG_5651.png,12
IMG_5652.png,12
IMG_5656.png,13
IMG_5657.png,13
IMG_5658.png,13
IMG_5659.png,13
IMG_5660.png,13
IMG_5661.png,13
IMG_5662.png,13
IMG_5663.png,13
IMG_5664.png,13
IMG_5665.png,13
IMG_5666.png,13
IMG_5667.png,13
IMG_5668.png,13
IMG_5669.png,13
IMG_5670.png,13
IMG_5671.png,13
IMG_5672.png,13
IMG_5673.png,13
IMG_5674.png,13
IMG_5675.png,13
IMG_5676.png,13
IMG_5677.png,13
IMG_5678.png,13
IMG_5679.png,13
IMG_5680.png,13
IMG_5681.png,13
IMG_5682.png,13
IMG_5683.png,13
IMG_5684.png,13
IMG_5685.png,13
IMG_5686.png,13
IMG_5687.png,13
IMG_5688.png,13
IMG_5689.png,13
IMG_5690.png,13
IMG_5691.png,13
IMG_5692.png,13
IMG_5693.png,13
IMG_5694.png,13
IMG_5695.png,13
IMG_5696.png,13
IMG_5697.png,13
IMG_5698.png,13
IMG_5699.png,13
IMG_5700.png,13
IMG_5701.png,13
IMG_5702.png,13
IMG_5703.png,13
IMG_5704.png,13
IMG_5705.png,13
IMG_5706.png,13
IMG_5707.png,13
IMG_5708.png,13
IMG_5709.png,13
IMG_5710.png,13
IMG_5711.png,13
IMG_5712.png,13
IMG_5713.png,13
IMG_5714.png,13
IMG_5715.png,13
IMG_5716.png,13
IMG_5717.png,13
IMG_5718.png,13
IMG_5719.png,13
IMG_5720.png,13
IMG_5721.png,13
IMG_5722.png,13
IMG_5723.png,13
IMG_5724.png,13
IMG_5725.png,13
IMG_5726.png,13
IMG_5727.png,13
IMG_5728.png,13
IMG_5729.png,13
IMG_5730.png,13
IMG_5731.png,13
IMG_5732.png,13
IMG_5733.png,13
IMG_5734.png,13
IMG_5735.png,13
IMG_5736.png,13
IMG_5737.png,13
IMG_5738.png,13
IMG_5739.png,13
IMG_5740.png,13
IMG_5741.png,13
IMG_5742.png,13
IMG_5743.png,13
IMG_5744.png,13
IMG_5745.png,13
IMG_5746.png,13
IMG_5747.png,13
IMG_5748.png,13
IMG_5749.png,13
IMG_5750.png,13
IMG_5751.png,13
IMG_5752.png,13
IMG_5753.png,13
IMG_5754.png,13
IMG_5755.png,13
IMG_5756.png,13
IMG_5757.png,13
IMG_5758.png,13
IMG_5759.png,13
IMG_5760.png,13
IMG_5761.png,13
IMG_5762.png,13
IMG_5763.png,13
IMG_5764.png,13
IMG_5765.png,13
IMG_5766.png,13
IMG_5767.png,13
IMG_5768.png,13
IMG_5769.png,13
IMG_5770.png,13
IMG_5771.png,13
IMG_5772.png,13
IMG_5773.png,13
IMG_5774.png,13
IMG_5775.png,13
IMG_5776.png,13
IMG_5777.png,13
IMG_5778.png,13
IMG_5779.png,13
IMG_5780.png,13
IMG_5781.png,13
IMG_5782.png,13
IMG_5783.png,13
IMG_5784.png,13
IMG_5785.png,13
IMG_5786.png,13
IMG_5787.png,13
IMG_5788.png,13
IMG_5789.png,13
IMG_5790.png,13
IMG_5791.png,13
IMG_5792.png,13
IMG_5793.png,13
IMG_5794.png,13
IMG_5795.png,13
IMG_5796.png,13
IMG_5797.png,13
IMG_5798.png,13
IMG_5799.png,13
IMG_5800.png,13
IMG_5801.png,13
IMG_5802.png,13
IMG_5803.png,13
IMG_5804.png,13
IMG_5805.png,13
IMG_5806.png,13
IMG_5807.png,13
IMG_5808.png,13
IMG_5809.png,13
IMG_5810.png,13
IMG_5811.png,13
IMG_5812.png,13
IMG_5813.png,13
IMG_5814.png,13
IMG_5815.png,13
IMG_5816.png,13
IMG_5817.png,13
IMG_5818.png,13
IMG_5819.png,13
IMG_5820.png,13
IMG_5821.png,13
IMG_5822.png,13
IMG_5823.png,13
IMG_5824.png,13
IMG_5825.png,13
IMG_5826.png,13
IMG_5827.png,13
IMG_5828.png,14
IMG_5829.png,14
IMG_5830.png,14
IMG_5831.png,14
IMG_5832.png,14
IMG_5833.png,14
IMG_5834.png,14
IMG_5835.png,14
IMG_5836.png,14
IMG_5837.png,14
IMG_5838.png,14
IMG_5839.png,14
IMG_5840.png,14
IMG_5841.png,14
IMG_5842.png,14
IMG_5843.png,14
IMG_5844.png,14
IMG_5845.png,14
IMG_5846.png,14
IMG_5847.png,14
IMG_5848.png,14
IMG_5849.png,14
IMG_5850.png,14
IMG_5851.png,14
IMG_5852.png,14
IMG_5853.png,14
IMG_5854.png,14
IMG_5855.png,14
IMG_5856.png,14
IMG_5857.png,14
IMG_5858.png,14
IMG_5859.png,14
IMG_5860.png,14
IMG_5861.png,14
IMG_5862.png,14
IMG_5863.png,14
IMG_5864.png,14
IMG_5865.png,14
IMG_5866.png,14
IMG_5867.png,14
IMG_5868.png,14
IMG_5869.png,14
IMG_5870.png,14
IMG_5871.png,14
IMG_5872.png,14
IMG_5873.png,14
IMG_5874.png,14
IMG_5875.png,14
IMG_5876.png,14
IMG_5877.png,14
IMG_5878.png,14
IMG_5879.png,14
IMG_5880.png,14
IMG_5881.png,14
IMG_5882.png,14
IMG_5883.png,14
IMG_5884.png,14
IMG_5885.png,14
IMG_5886.png,14
IMG_5887.png,14
IMG_5888.png,14
IMG_5889.png,14
IMG_5890.png,14
IMG_5891.png,14
IMG_5892.png,14
IMG_5893.png,14
IMG_5894.png,14
IMG_5895.png,14
IMG_5896.png,14
IMG_5897.png,14
IMG_5898.png,14
IMG_5899.png,14
IMG_5900.png,14
IMG_5901.png,14
IMG_5902.png,14
IMG_5903.png,14
IMG_5904.png,14
IMG_5905.png,14
IMG_5906.png,14
IMG_5907.png,14
IMG_5908.png,14
IMG_5909.png,14
IMG_5910.png,14
IMG_5911.png,14
IMG_5912.png,14
IMG_5913.png,14
IMG_5914.png,14
IMG_5915.png,14
IMG_5916.png,14
IMG_5917.png,14
IMG_5918.png,14
IMG_5919.png,14
IMG_5920.png,14
IMG_5921.png,14
IMG_5922.png,14
IMG_5923.png,14
IMG_5924.png,14
IMG_5925.png,14
IMG_5926.png,14
IMG_5927.png,14
IMG_5928.png,14
IMG_5929.png,14
IMG_5930.png,14
IMG_5931.png,14
IMG_5932.png,14
IMG_5933.png,14
IMG_5934.png,14
IMG_5935.png,14
IMG_5936.png,14
IMG_5937.png,14
IMG_5938.png,14
IMG_5939.png,14
IMG_5940.png,14
IMG_5941.png,14
IMG_5942.png,14
IMG_5943.png,14
IMG_5944.png,14
IMG_5945.png,14
IMG_5946.png,14
IMG_5947.png,14
IMG_5948.png,14
IMG_5949.png,14
IMG_5950.png,14
IMG_5951.png,14
IMG_5952.png,14
IMG_6184.png,1
IMG_6186.png,1
IMG_6187.png,1
IMG_6188.png,1
IMG_6189.png,1
IMG_6191.png,1
IMG_6192.png,1
IMG_6193.png,1
IMG_6194.png,1
IMG_6195.png,1
IMG_6196.png,1
IMG_6198.png,1
IMG_6202.png,1
IMG_6203.png,1
IMG_6204.png,1
IMG_6205.png,1
IMG_6206.png,1
IMG_6208.png,1
IMG_6209.png,1
IMG_6210.png,1
IMG_6211.png,1
IMG_6212.png,1
IMG_6213.png,1
IMG_6214.png,1
IMG_6215.png,1
IMG_6216.png,1
IMG_6217.png,1
IMG_6219.png,1
IMG_6221.png,1
IMG_6222.png,1
IMG_6223.png,1
IMG_6224.png,1
IMG_6225.png,1
IMG_6226.png,1
IMG_6227.png,1
IMG_6228.png,1
IMG_6229.png,1
IMG_6230.png,1
IMG_6231.png,1
IMG_6232.png,1
IMG_6233.png,1
IMG_6234.png,1
IMG_6235.png,1
IMG_6236.png,1
IMG_6237.png,1
IMG_6238.png,1
IMG_6239.png,1
IMG_6241.png,1
IMG_6242.png,1
IMG_6243.png,1
IMG_6244.png,1
IMG_6245.png,1
IMG_6246.png,1
IMG_6247.png,1
IMG_6248.png,1
IMG_6249.png,1
IMG_6250.png,1
IMG_6251.png,1
IMG_6252.png,1
IMG_6253.png,1
IMG_6254.png,1
IMG_6255.png,1
IMG_6256.png,1
IMG_6257.png,1
IMG_6258.png,1
IMG_6259.png,1
IMG_6260.png,1
IMG_6261.png,1
IMG_6262.png,1
IMG_6263.png,1
IMG_6264.png,1
IMG_6265.png,1
IMG_6266.png,1
IMG_6267.png,1
IMG_6269.png,1
IMG_6272.png,1
IMG_6273.png,1
IMG_6274.png,1
IMG_6275.png,1
IMG_6276.png,1
IMG_6277.png,1
IMG_6278.png,1
IMG_6279.png,1
IMG_6280.png,1
IMG_6281.png,1
IMG_6282.png,1
IMG_6283.png,1
IMG_6284.png,1
IMG_6285.png,1
IMG_6286.png,1
IMG_6288.png,2
IMG_6289.png,2
IMG_6290.png,2
IMG_6291.png,2
IMG_6292.png,2
IMG_6293.png,2
IMG_6294.png,2
IMG_6295.png,2
IMG_6296.png,2
IMG_6297.png,2
IMG_6298.png,2
IMG_6299.png,2
IMG_6301.png,2
IMG_6302.png,2
IMG_6303.png,2
IMG_6304.png,2
IMG_6305.png,2
IMG_6306.png,2
IMG_6307.png,2
IMG_6308.png,2
IMG_6309.png,2
IMG_6310.png,2
IMG_6311.png,2
IMG_6312.png,2
IMG_6313.png,2
IMG_6314.png,2
IMG_6315.png,2
IMG_6316.png,2
IMG_6317.png,2
IMG_6318.png,2
IMG_6319.png,2
IMG_6320.png,2
IMG_6321.png,2
IMG_6322.png,2
IMG_6323.png,2
IMG_6324.png,2
IMG_6325.png,2
IMG_6326.png,2
IMG_6328.png,2
IMG_6329.png,2
IMG_6330.png,2
IMG_6331.png,2
IMG_6332.png,2
IMG_6333.png,2
IMG_6334.png,2
IMG_6337.png,2
IMG_6338.png,2
IMG_6339.png,2
IMG_6340.png,2
IMG_6341.png,2
IMG_6343.png,2
IMG_6344.png,2
IMG_6345.png,2
IMG_6346.png,2
IMG_6347.png,2
IMG_6348.png,2
IMG_6349.png,2
IMG_6350.png,2
IMG_6351.png,2
IMG_6352.png,2
IMG_6354.png,2
IMG_6355.png,2
IMG_6356.png,2
IMG_6357.png,2
IMG_6358.png,2
IMG_6359.png,2
IMG_6360.png,2
IMG_6361.png,2
IMG_6363.png,2
IMG_6364.png,2
IMG_6365.png,2
IMG_6366.png,2
IMG_6367.png,2
IMG_6368.png,2
IMG_6370.png,2
IMG_6372.png,2
IMG_6373.png,2
IMG_6374.png,2
IMG_6375.png,2
IMG_6376.png,2
IMG_6377.png,2
IMG_6378.png,2
IMG_6379.png,2
IMG_6381.png,2
IMG_6382.png,2
IMG_6383.png,2
IMG_6384.png,3
IMG_6385.png,3
IMG_6387.png,3
IMG_6388.png,3
IMG_6389.png,3
IMG_6390.png,3
IMG_6391.png,3
IMG_6392.png,3
IMG_6393.png,3
IMG_6394.png,3
IMG_6395.png,3
IMG_6396.png,3
IMG_6397.png,3
IMG_6398.png,3
IMG_6400.png,3
IMG_6401.png,3
IMG_6402.png,3
IMG_6403.png,3
IMG_6404.png,3
IMG_6405.png,3
IMG_6406.png,3
IMG_6407.png,3
IMG_6408.png,3
IMG_6409.png,3
IMG_6410.png,3
IMG_6411.png,3
IMG_6412.png,3
IMG_6413.png,3
IMG_6414.png,3
IMG_6415.png,3
IMG_6416.png,3
IMG_6417.png,3
IMG_6419.png,3
IMG_6421.png,3
IMG_6422.png,3
IMG_6425.png,3
IMG_6426.png,3
IMG_6427.png,3
IMG_6428.png,3
IMG_6429.png,3
IMG_6430.png,3
IMG_6431.png,3
IMG_6432.png,3
IMG_6433.png,3
IMG_6434.png,3
IMG_6435.png,3
IMG_6436.png,3
IMG_6437.png,3
IMG_6438.png,3
IMG_6439.png,3
IMG_6440.png,3
IMG_6441.png,3
IMG_6442.png,3
IMG_6443.png,3
IMG_6444.png,3
IMG_6445.png,3
IMG_6448.png,3
IMG_6449.png,3
IMG_6450.png,3
IMG_6452.png,3
IMG_6453.png,3
IMG_6454.png,3
IMG_6455.png,3
IMG_6456.png,3
IMG_6458.png,3
IMG_6459.png,3
IMG_6460.png,3
IMG_6462.png,3
IMG_6464.png,3
IMG_6465.png,3
IMG_6466.png,3
IMG_6467.png,3
IMG_6468.png,3
IMG_6469.png,3
IMG_6470.png,3
IMG_6471.png,3
IMG_6472.png,3
IMG_6473.png,3
IMG_6474.png,3
IMG_6475.png,3
IMG_6476.png,3
IMG_6477.png,3
IMG_6478.png,3
IMG_6479.png,3
IMG_6480.png,3
IMG_6481.png,3
IMG_6482.png,3
IMG_6483.png,3
IMG_6484.png,3
IMG_6485.png,3
IMG_6486.png,3
IMG_6487.png,3
IMG_6488.png,3
IMG_6489.png,3
IMG_6490.png,3
IMG_6491.png,3
IMG_6492.png,3
IMG_6493.png,3
IMG_6494.png,3
IMG_6495.png,3
IMG_6496.png,3
IMG_6497.png,3
IMG_6498.png,3
IMG_6499.png,3
IMG_6504.png,4
IMG_6505.png,4
IMG_6510.png,4
IMG_6511.png,4
IMG_6512.png,4
IMG_6513.png,4
IMG_6515.png,4
IMG_6516.png,4
IMG_6517.png,4
IMG_6518.png,4
IMG_6520.png,4
IMG_6521.png,4
IMG_6522.png,4
IMG_6523.png,4
IMG_6524.png,4
IMG_6525.png,4
IMG_6526.png,4
IMG_6528.png,4
IMG_6529.png,4
IMG_6530.png,6
IMG_6531.png,6
IMG_6532.png,6
IMG_6533.png,6
IMG_6534.png,6
IMG_6535.png,6
IMG_6536.png,6
IMG_6537.png,6
IMG_6538.png,6
IMG_6539.png,6
IMG_6540.png,6
IMG_6541.png,6
IMG_6542.png,6
IMG_6543.png,6
IMG_6544.png,6
IMG_6545.png,6
IMG_6546.png,6
IMG_6547.png,6
IMG_6548.png,6
IMG_6553.png,7
IMG_6554.png,7
IMG_6555.png,7
IMG_6556.png,7
IMG_6557.png,7
IMG_6558.png,7
IMG_6559.png,7
IMG_6560.png,7
IMG_6561.png,7
IMG_6562.png,7
IMG_6563.png,7
IMG_6564.png,7
IMG_6565.png,7
IMG_6566.png,7
IMG_6567.png,7
IMG_6568.png,7
IMG_6569.png,7
IMG_6570.png,7
IMG_6571.png,7
IMG_6572.png,7
IMG_6573.png,7
IMG_6574.png,7
IMG_6575.png,7
IMG_6576.png,7
IMG_6577.png,7
IMG_6578.png,7
IMG_6579.png,7
IMG_6580.png,7
IMG_6581.png,7
IMG_6582.png,7
IMG_6583.png,7
IMG_6584.png,7
IMG_6585.png,7
IMG_6586.png,7
IMG_6587.png,7
IMG_6588.png,7
IMG_6589.png,7
IMG_6590.png,7
IMG_6591.png,7
IMG_6592.png,7
IMG_6593.png,7
IMG_6594.png,7
IMG_6596.png,7
IMG_6597.png,7
IMG_6598.png,7
IMG_6599.png,7
IMG_6600.png,7
IMG_6601.png,7
IMG_6602.png,7
IMG_6603.png,7
IMG_6604.png,7
IMG_6605.png,7
IMG_6606.png,7
IMG_6607.png,7
IMG_6608.png,7
IMG_6609.png,7
IMG_6610.png,7
IMG_6611.png,7
IMG_6612.png,7
IMG_6613.png,7
IMG_6614.png,7
IMG_6615.png,7
IMG_6616.png,7
IMG_6617.png,7
IMG_6618.png,7
IMG_6619.png,7
IMG_6620.png,7
IMG_6621.png,7
IMG_6622.png,7
IMG_6623.png,7
IMG_6624.png,7
IMG_6625.png,7
IMG_6626.png,7
IMG_6627.png,7
IMG_6628.png,7
IMG_6629.png,7
IMG_6630.png,7
IMG_6631.png,7
IMG_6632.png,7
IMG_6633.png,7
IMG_6634.png,7
IMG_6635.png,7
IMG_6636.png,7
IMG_6637.png,7
IMG_6638.png,7
IMG_6639.png,7
IMG_6640.png,7
IMG_6641.png,7
IMG_6642.png,7
IMG_6643.png,7
IMG_6644.png,7
IMG_6645.png,7
IMG_6646.png,7
IMG_6647.png,7
IMG_6648.png,7
IMG_6649.png,7
IMG_6650.png,7
IMG_6651.png,7
IMG_6652.png,7
IMG_6653.png,7
IMG_6654.png,7
IMG_6655.png,7
IMG_6656.png,7
IMG_6657.png,7
IMG_6658.png,7
IMG_6659.png,7
IMG_6680.png,8
IMG_6681.png,8
IMG_6682.png,8
IMG_6683.png,8
IMG_6684.png,8
IMG_6685.png,8
IMG_6686.png,8
IMG_6687.png,8
IMG_6688.png,8
IMG_6689.png,8
IMG_6690.png,8
IMG_6691.png,8
IMG_6692.png,8
IMG_6693.png,8
IMG_6694.png,8
IMG_6695.png,8
IMG_6696.png,8
IMG_6697.png,8
IMG_6698.png,8
IMG_6699.png,8
IMG_6700.png,8
IMG_6701.png,8
IMG_6702.png,8
IMG_6703.png,8
IMG_6704.png,8
IMG_6705.png,8
IMG_6706.png,8
IMG_6707.png,8
IMG_6708.png,8
IMG_6709.png,8
IMG_6710.png,8
IMG_6711.png,8
IMG_6712.png,8
IMG_6713.png,8
IMG_6714.png,8
IMG_6715.png,8
IMG_6716.png,8
IMG_6717.png,8
IMG_6718.png,8
IMG_6719.png,8
IMG_6720.png,8
IMG_6721.png,8
IMG_6722.png,8
IMG_6723.png,8
IMG_6724.png,8
IMG_6725.png,8
IMG_6726.png,8
IMG_6727.png,8
IMG_6728.png,8
IMG_6729.png,8
IMG_6730.png,8
IMG_6731.png,8
IMG_6732.png,8
IMG_6733.png,8
IMG_6734.png,8
IMG_6735.png,8
IMG_6736.png,8
IMG_6737.png,8
IMG_6738.png,8
IMG_6739.png,8
IMG_6740.png,8
IMG_6741.png,8
IMG_6742.png,8
IMG_6743.png,8
IMG_6744.png,8
IMG_6745.png,8
IMG_6746.png,8
IMG_6747.png,8
IMG_6748.png,8
IMG_6749.png,8
IMG_6750.png,8
IMG_6751.png,8
IMG_6752.png,8
IMG_6753.png,8
IMG_6754.png,8
IMG_6755.png,8
IMG_6756.png,8
IMG_6757.png,8
IMG_6758.png,8
IMG_6759.png,8
IMG_6760.png,8
IMG_6762.png,8
IMG_6763.png,8
IMG_6764.png,8
IMG_6765.png,8
IMG_6766.png,8
IMG_6767.png,8
IMG_6768.png,8
IMG_6769.png,8
IMG_6770.png,8
IMG_6771.png,8
IMG_6772.png,8
IMG_6773.png,8
IMG_6774.png,8
IMG_6775.png,8
IMG_6776.png,8
IMG_6777.png,8
IMG_6778.png,8
IMG_6779.png,8
IMG_6780.png,8
IMG_6781.png,8
IMG_6782.png,8
IMG_6783.png,8
IMG_6784.png,8
IMG_6785.png,8
IMG_6786.png,8
IMG_6787.png,8
IMG_6788.png,8
IMG_6789.png,8
IMG_6790.png,8
IMG_6791.png,8
IMG_6792.png,8
IMG_6793.png,8
IMG_6794.png,8
IMG_6795.png,8
IMG_6796.png,8
IMG_6797.png,8
IMG_6798.png,8
IMG_6799.png,8
IMG_6800.png,8
IMG_6801.png,8
IMG_6802.png,8
IMG_6803.png,8
IMG_6804.png,8
IMG_6805.png,8
IMG_6806.png,8
IMG_6807.png,8
IMG_6808.png,8
IMG_6809.png,8
IMG_6810.png,8
IMG_6811.png,8
IMG_6812.png,8
IMG_6813.png,8
IMG_6814.png,8
IMG_6815.png,8
IMG_6816.png,8
IMG_6817.png,8
IMG_6818.png,8
IMG_6819.png,8
IMG_6820.png,8
IMG_6821.png,8
IMG_6822.png,8
IMG_6823.png,8
IMG_6824.png,8
IMG_6834.png,9
IMG_6835.png,9
IMG_6836.png,9
IMG_6837.png,9
IMG_6838.png,9
IMG_6839.png,9
IMG_6840.png,9
IMG_6841.png,9
IMG_6842.png,9
IMG_6843.png,9
IMG_6844.png,9
IMG_6845.png,9
IMG_6846.png,9
IMG_6848.png,9
IMG_6850.png,10
IMG_6851.png,10
IMG_6852.png,10
IMG_6853.png,10
IMG_6854.png,10
IMG_6855.png,10
IMG_6857.png,10
IMG_6858.png,10
IMG_6859.png,10
IMG_6860.png,10
IMG_6861.png,10
IMG_6862.png,10
IMG_6863.png,10
IMG_6864.png,10
IMG_6865.png,10
IMG_6866.png,10
IMG_6867.png,10
IMG_6868.png,10
IMG_6869.png,10
IMG_6870.png,10
IMG_6871.png,10
IMG_6872.png,10
IMG_6873.png,10
IMG_6874.png,10
IMG_6875.png,10
IMG_6876.png,10
IMG_6877.png,10
IMG_6878.png,10
IMG_6879.png,10
IMG_6880.png,10
IMG_6881.png,10
IMG_6882.png,10
IMG_6883.png,10
IMG_6884.png,10
IMG_6885.png,10
IMG_6886.png,10
IMG_6887.png,10
IMG_6888.png,10
IMG_6889.png,10
IMG_6890.png,10
IMG_6891.png,10
IMG_6892.png,10
IMG_6893.png,10
IMG_6935.png,11
IMG_6936.png,11
IMG_6937.png,11
IMG_6938.png,11
IMG_6939.png,11
IMG_6940.png,11
IMG_6941.png,11
IMG_6942.png,11
IMG_6943.png,11
IMG_6944.png,11
IMG_6945.png,11
IMG_6946.png,11
IMG_6947.png,11
IMG_6948.png,11
IMG_6949.png,11
IMG_6950.png,11
IMG_6951.png,11
IMG_6952.png,11
IMG_6953.png,11
IMG_6954.png,11
IMG_6955.png,11
IMG_6956.png,11
IMG_6957.png,11
IMG_6958.png,11
IMG_6959.png,11
IMG_6960.png,11
IMG_6961.png,11
IMG_6962.png,11
IMG_6963.png,11
IMG_6964.png,11
IMG_6965.png,11
IMG_6966.png,11
IMG_6967.png,11
IMG_6968.png,11
IMG_6969.png,11
IMG_6970.png,11
IMG_6971.png,11
IMG_6972.png,11
IMG_6973.png,11
IMG_6974.png,12
IMG_6975.png,12
IMG_6976.png,12
IMG_6977.png,12
IMG_6978.png,12
IMG_6979.png,12
IMG_6980.png,12
IMG_6981.png,12
IMG_6982.png,12
IMG_6983.png,12
IMG_6984.png,12
IMG_6985.png,12
IMG_6986.png,12
IMG_6987.png,12
IMG_6988.png,12
IMG_6989.png,12
IMG_6990.png,12
IMG_6991.png,12
IMG_6992.png,12
IMG_6993.png,12
IMG_6994.png,12
IMG_6995.png,12
IMG_6996.png,12
IMG_6997.png,12
IMG_6998.png,12
IMG_6999.png,12
IMG_7001.png,12
IMG_7002.png,12
IMG_7003.png,12
IMG_7004.png,12
IMG_7005.png,12
IMG_7006.png,12
IMG_7007.png,12
IMG_7008.png,12
IMG_7009.png,12
IMG_7010.png,12
IMG_7011.png,12
IMG_7012.png,12
IMG_7013.png,12
IMG_7014.png,12
IMG_7015.png,12
IMG_7016.png,12
IMG_7017.png,12
IMG_7018.png,12
IMG_7019.png,12
IMG_7020.png,12
IMG_7021.png,12
IMG_7022.png,12
IMG_7023.png,12
IMG_7024.png,12
IMG_7025.png,12
IMG_7026.png,12
IMG_7027.png,12
IMG_7028.png,12
IMG_7029.png,12
IMG_7030.png,12
IMG_7031.png,12
IMG_7032.png,12
IMG_7033.png,12
IMG_7034.png,12
IMG_7035.png,12
IMG_7036.png,12
IMG_7037.png,12
IMG_7038.png,12
IMG_7039.png,12
IMG_7040.png,12
IMG_7041.png,12
IMG_7042.png,12
IMG_7043.png,12
IMG_7044.png,12
IMG_7045.png,12
IMG_7046.png,12
IMG_7047.png,12
IMG_7048.png,12
IMG_7049.png,12
IMG_7050.png,12
IMG_7051.png,12
IMG_7052.png,12
IMG_7053.png,12
IMG_7054.png,12
IMG_7055.png,12
IMG_7056.png,12
IMG_7057.png,12
IMG_7058.png,12
IMG_7059.png,12
IMG_7060.png,12
IMG_7061.png,12
IMG_7062.png,12
IMG_7063.png,12
IMG_7064.png,12
IMG_7065.png,12
IMG_7066.png,12
IMG_7067.png,12
IMG_7068.png,12
IMG_7069.png,12
IMG_7070.png,12
IMG_7071.png,12
IMG_7072.png,12
IMG_7073.png,12
IMG_7074.png,12
IMG_7075.png,12
IMG_7076.png,12
IMG_7077.png,12
IMG_7078.png,12
IMG_7079.png,12
IMG_7080.png,12
IMG_7081.png,12
IMG_7082.png,12
IMG_7083.png,12
IMG_7084.png,12
IMG_7120.png,13
IMG_7121.png,13
IMG_7122.png,13
IMG_7123.png,13
IMG_7124.png,13
IMG_7126.png,13
IMG_7127.png,13
IMG_7128.png,13
IMG_7129.png,13
IMG_7130.png,13
IMG_7143.png,14
IMG_7144.png,14
IMG_7145.png,14
IMG_7146.png,14
IMG_7147.png,14
IMG_7148.png,14
IMG_7149.png,14
IMG_7150.png,14
IMG_7151.png,14
IMG_7152.png,14
IMG_7153.png,14
IMG_7154.png,14
IMG_7155.png,14
IMG_7156.png,14
IMG_7157.png,14
IMG_7158.png,14
IMG_7159.png,14
IMG_7160.png,14
IMG_7161.png,14
IMG_7162.png,14
IMG_7163.png,14
IMG_7164.png,14
IMG_7165.png,14
IMG_7166.png,14
IMG_7167.png,14
IMG_7168.png,14
IMG_7169.png,14
IMG_7170.png,14
IMG_7171.png,14
IMG_7172.png,14
IMG_7173.png,14
IMG_7174.png,14
IMG_7175.png,14
IMG_7176.png,14
IMG_7177.png,14
IMG_7178.png,14
IMG_7179.png,14
IMG_7180.png,14
IMG_7181.png,14
IMG_7182.png,14
IMG_7183.png,14
IMG_7184.png,14
IMG_7185.png,14
IMG_7186.png,14
IMG_7187.png,14
IMG_7188.png,14
IMG_7189.png,14
IMG_7190.png,14
IMG_7191.png,14
IMG_7192.png,14
IMG_7193.png,14
IMG_7194.png,14
IMG_7195.png,14
IMG_7196.png,14
IMG_7197.png,14
IMG_7198.png,14
IMG_7199.png,14
IMG_7200.png,14
IMG_7201.png,14
IMG_7202.png,14
IMG_7203.png,14
IMG_7204.png,14
IMG_7205.png,14
IMG_7206.png,14
IMG_7207.png,14
